Metric,HumanMAC
APD,5.3381763
ADE,0.38246518
FDE,0.4940502
MMADE,0.5255393
MMFDE,0.5658798
