Metric,HumanMAC
APD,5.5774693
ADE,0.35474235
FDE,0.47237694
MMADE,0.51392066
MMFDE,0.5430392
