Metric,HumanMAC
APD,1.8207884
ADE,0.1791565
FDE,0.1894873
MMADE,0.34743664
MMFDE,0.34383544
