Metric,HumanMAC
APD,1.625956
ADE,0.19399537
FDE,0.1998431
MMADE,0.3687666
MMFDE,0.3688509
